"8","2","2020-05-25 07:49:16","17.5","17.5","India","1","Present"
"9","4","2020-05-25 07:50:40","17.661558333333335","75.31364833333333","Takli Road, Shriram Nagar, Pandharpur, Maharashtra 413304, India","1","Absent"
"10","4","2020-05-25 07:51:30","17.661125000000002","75.31580000000001","Takli Road, Shriram Nagar, Pandharpur, Maharashtra 413304, India","1","Absent"
"11","2","2020-05-25 07:51:50","17.661125000000002","75.31580000000001","Takli Road, Shriram Nagar, Pandharpur, Maharashtra 413304, India","1","Present"
"1","Siddhesh","Jagadish","Khadake","123456789012","8237217213","12345","PI","Male","1999-09-21","AB+","Pandharpur"
"2","Chandrakant","DontKnow","Jare","987654321012","9860444609","12345","HC","Male","1999-09-15","A+","Rajgad"
"3","Snehal","Jagadish","Khadake","543216789012","9028771198","12345","PN","Female","1999-11-25","O+","Pune"
"4","Vaibhavi","ABC","Ghumare","321456789012","8805754747","12345","PC","Female","1999-03-15","B+","Solapur"
"5","ABC","EFG","HIJ","942359195012","9874563210","12345","API","Female","1999-01-01","O+","Maharashtra"
"9","Andbd","bajaajaj","absjsja","785236458791","4567853349","12345","PN","MALE","2020-05-18","B+","Mumbai"
"10","kajal ","narayan ","kumbharkar","553289826460","9139012529","password","PSI","FEMALE","2000-01-01","B+","saswad"
"11","Vaibhavi","Shahaji","Ghumare","945476848464","7387392017","Vaibhavi@28","PI","FEMALE","2000-10-12","O-","Pune"
"1","1","2"
"2","1","3"
"3","1","4"
"4","1","5"
"8","1","9"
"9","1","10"
"1","1","1"
"1","1","1"
